notebook_id,model_name,group,mae,rmse,n_rows
08_gradient_boosting_model,gradient_boosting,overall,10.482960110839036,18.08933374473709,121463
08_gradient_boosting_model,gradient_boosting,100020113,10.3891659881094,15.451042530203445,5281
08_gradient_boosting_model,gradient_boosting,100031297,26.83304823329818,39.6859896793685,5281
08_gradient_boosting_model,gradient_boosting,100031300,12.87122677015411,19.32638137705901,5281
08_gradient_boosting_model,gradient_boosting,100034978,6.124182108101426,8.698460950166716,5281
08_gradient_boosting_model,gradient_boosting,100034980,15.329315633594716,24.587297152793344,5281
08_gradient_boosting_model,gradient_boosting,100034981,6.866894748301119,9.863908285516402,5281
08_gradient_boosting_model,gradient_boosting,100034982,13.856871464534164,21.295558026369903,5281
08_gradient_boosting_model,gradient_boosting,100034983,10.955383532568936,15.925435623157908,5281
08_gradient_boosting_model,gradient_boosting,100035541,19.843347485068,30.43011962274983,5281
08_gradient_boosting_model,gradient_boosting,100053305,7.447239207758407,13.325893879797356,5281
08_gradient_boosting_model,gradient_boosting,300037405,18.44133157247789,26.65218531740277,5281
08_gradient_boosting_model,gradient_boosting,300037544,8.368534451455032,12.767049505581864,5281
08_gradient_boosting_model,gradient_boosting,300037920,9.57648921670926,17.73197562041032,5281
08_gradient_boosting_model,gradient_boosting,300037925,4.927345174588189,6.995318076565219,5281
08_gradient_boosting_model,gradient_boosting,300037926,9.42658440241624,13.85285319220116,5281
08_gradient_boosting_model,gradient_boosting,300037928,3.954066504017368,5.56763680573275,5281
08_gradient_boosting_model,gradient_boosting,300037931,8.328886138650546,13.080290926940162,5281
08_gradient_boosting_model,gradient_boosting,300037932,7.289850918365528,11.449640454058216,5281
08_gradient_boosting_model,gradient_boosting,300037933,4.581177030266606,7.041121205624259,5281
08_gradient_boosting_model,gradient_boosting,300037936,6.406364579028854,11.72793318019091,5281
08_gradient_boosting_model,gradient_boosting,300038855,12.938340814528678,20.485966139648028,5281
08_gradient_boosting_model,gradient_boosting,300039328,11.828172545025256,18.51812295603741,5281
08_gradient_boosting_model,gradient_boosting,300039331,4.524264030279973,6.264464381780098,5281
09_lightgbm_model,lightgbm,overall,10.461348948936305,17.992009807125324,121463
09_lightgbm_model,lightgbm,100020113,10.445329447764776,15.440939983874706,5281
09_lightgbm_model,lightgbm,100031297,26.045113319788467,38.551367684950094,5281
09_lightgbm_model,lightgbm,100031300,13.035577106210429,19.544078853894604,5281
09_lightgbm_model,lightgbm,100034978,6.067489924654881,8.649888734396429,5281
09_lightgbm_model,lightgbm,100034980,15.327620910219492,24.443986359781093,5281
09_lightgbm_model,lightgbm,100034981,6.907115740089665,9.94723290242668,5281
09_lightgbm_model,lightgbm,100034982,13.848695532312815,21.22681967419457,5281
09_lightgbm_model,lightgbm,100034983,11.026531006164776,16.05795414271022,5281
09_lightgbm_model,lightgbm,100035541,19.74786802969692,30.265227500139183,5281
09_lightgbm_model,lightgbm,100053305,7.513935124665537,13.44035207519748,5281
09_lightgbm_model,lightgbm,300037405,18.50906418595975,26.85607805692021,5281
09_lightgbm_model,lightgbm,300037544,8.352691021499094,12.83518103725859,5281
09_lightgbm_model,lightgbm,300037920,9.593833531914449,17.8119571119437,5281
09_lightgbm_model,lightgbm,300037925,4.871329435980383,6.922907674409326,5281
09_lightgbm_model,lightgbm,300037926,9.445181869490824,13.836795963135812,5281
09_lightgbm_model,lightgbm,300037928,3.976489612725774,5.595465352007794,5281
09_lightgbm_model,lightgbm,300037931,8.36391966893865,13.047116209147298,5281
09_lightgbm_model,lightgbm,300037932,7.259671515412206,11.336817671682502,5281
09_lightgbm_model,lightgbm,300037933,4.557989214570432,7.032436245216542,5281
09_lightgbm_model,lightgbm,300037936,6.353150344227222,11.723087197924343,5281
09_lightgbm_model,lightgbm,300038855,13.019826171793374,20.552112940199635,5281
09_lightgbm_model,lightgbm,300039328,11.878412115142286,18.48996872271835,5281
09_lightgbm_model,lightgbm,300039331,4.464190996312841,6.212113959104497,5281
10_prophet_model,prophet,overall,21.959073831258344,35.35713377203338,121463
10_prophet_model,prophet,100020113,14.89825418449748,20.10395250692991,5281
10_prophet_model,prophet,100031297,52.6439680108037,70.66691637865715,5281
10_prophet_model,prophet,100031300,21.83913556128086,29.48341423068056,5281
10_prophet_model,prophet,100034978,9.492552541819885,13.269433849557652,5281
10_prophet_model,prophet,100034980,25.534984502765187,35.17182773474774,5281
10_prophet_model,prophet,100034981,10.721031583418736,15.378223831921598,5281
10_prophet_model,prophet,100034982,29.174445182536324,39.22992049368917,5281
10_prophet_model,prophet,100034983,20.78378899734744,27.092613085086303,5281
10_prophet_model,prophet,100035541,39.539106145863954,53.61811992036711,5281
10_prophet_model,prophet,100053305,10.800937207781264,15.741979668976148,5281
10_prophet_model,prophet,300037405,64.12477881927964,77.46225328773738,5281
10_prophet_model,prophet,300037544,13.048738167396394,16.481409948004444,5281
10_prophet_model,prophet,300037920,15.577883110959217,23.888998144274336,5281
10_prophet_model,prophet,300037925,11.831988076675636,14.017379508139308,5281
10_prophet_model,prophet,300037926,15.25101021953772,21.59102954602369,5281
10_prophet_model,prophet,300037928,5.5778312777631385,7.108175337340255,5281
10_prophet_model,prophet,300037931,12.292407605585648,16.935450365317212,5281
10_prophet_model,prophet,300037932,29.828737792635923,35.153475408075735,5281
10_prophet_model,prophet,300037933,6.573279430891761,9.16940769047916,5281
10_prophet_model,prophet,300037936,8.029000719842614,12.318418860642172,5281
10_prophet_model,prophet,300038855,52.75479704262469,69.07720563920175,5281
10_prophet_model,prophet,300039328,26.07419873183502,35.14907669648385,5281
10_prophet_model,prophet,300039331,8.665843205799725,10.904489268757604,5281
11_mlp_model,mlp,overall,10.795113783921847,18.7659773275181,121463
11_mlp_model,mlp,100020113,10.894020906497238,16.847569794218206,5281
11_mlp_model,mlp,100031297,26.53070084876892,39.29439193059161,5281
11_mlp_model,mlp,100031300,13.49019654332354,20.31776425633736,5281
11_mlp_model,mlp,100034978,6.294762370796161,9.103693955350924,5281
11_mlp_model,mlp,100034980,16.456586280294335,25.8189178532736,5281
11_mlp_model,mlp,100034981,7.1491870872116,10.380419956875844,5281
11_mlp_model,mlp,100034982,14.868243325596596,22.61186256686312,5281
11_mlp_model,mlp,100034983,11.75793428014738,17.74525885157493,5281
11_mlp_model,mlp,100035541,20.11821496070335,30.9980301075784,5281
11_mlp_model,mlp,100053305,6.983867026466679,13.257844653652374,5281
11_mlp_model,mlp,300037405,19.781509030966376,29.07898682987364,5281
11_mlp_model,mlp,300037544,8.051610605360336,12.5170277860954,5281
11_mlp_model,mlp,300037920,10.072135304186489,18.917034864361703,5281
11_mlp_model,mlp,300037925,4.6378718224771385,6.736408336191607,5281
11_mlp_model,mlp,300037926,9.805550198150454,14.88631125496844,5281
11_mlp_model,mlp,300037928,3.9371917938607255,5.669184279186591,5281
11_mlp_model,mlp,300037931,8.673345424950197,13.476378220148812,5281
11_mlp_model,mlp,300037932,7.358562403601368,11.648871117388987,5281
11_mlp_model,mlp,300037933,4.688362377876839,7.250270120890366,5281
11_mlp_model,mlp,300037936,5.943088422419138,11.21651817282859,5281
11_mlp_model,mlp,300038855,13.823136955925769,21.581906112609733,5281
11_mlp_model,mlp,300039328,12.500527984633225,19.413691641838,5281
11_mlp_model,mlp,300039331,4.47101107598863,6.42978630413472,5281
14_random_forest_model,random_forest,overall,10.929938371768802,19.04290697681788,121463
14_random_forest_model,random_forest,100020113,9.661327668650593,14.08104428112181,5281
14_random_forest_model,random_forest,100031297,26.964555763191164,41.58998967039583,5281
14_random_forest_model,random_forest,100031300,13.212555056555116,20.183029216319,5281
14_random_forest_model,random_forest,100034978,6.435873398855541,9.197728284674143,5281
14_random_forest_model,random_forest,100034980,16.230810895607497,25.98570403406292,5281
14_random_forest_model,random_forest,100034981,7.346332964159938,10.66173559033242,5281
14_random_forest_model,random_forest,100034982,14.676209334340337,22.589761924270444,5281
14_random_forest_model,random_forest,100034983,11.56056406551598,16.82979533421303,5281
14_random_forest_model,random_forest,100035541,18.985291975694324,30.518578909220405,5281
14_random_forest_model,random_forest,100053305,8.210733060949337,14.54604635786932,5281
14_random_forest_model,random_forest,300037405,19.04559836098866,27.807115524097657,5281
14_random_forest_model,random_forest,300037544,9.29630098319735,14.797484439527148,5281
14_random_forest_model,random_forest,300037920,10.438182764587092,19.73201329520829,5281
14_random_forest_model,random_forest,300037925,5.173668461729704,7.40643914139415,5281
14_random_forest_model,random_forest,300037926,10.075971381373584,14.655212028135642,5281
14_random_forest_model,random_forest,300037928,4.274244741564495,6.201339110322021,5281
14_random_forest_model,random_forest,300037931,9.009478414785129,14.596189536295974,5281
14_random_forest_model,random_forest,300037932,7.408826686852914,11.615179210709693,5281
14_random_forest_model,random_forest,300037933,4.934217687509216,7.509870053782824,5281
14_random_forest_model,random_forest,300037936,7.143689861136751,13.322373514805962,5281
14_random_forest_model,random_forest,300038855,13.890211828914296,22.09395278024918,5281
14_random_forest_model,random_forest,300039328,12.58854968028073,19.68844798859061,5281
14_random_forest_model,random_forest,300039331,4.825387514242716,6.919812846193409,5281
15_feature_followups_model,random_forest_combined,overall,10.894416733621163,18.78840181540491,121463
15_feature_followups_model,random_forest_combined,100020113,9.610995580220546,13.780517281962082,5281
15_feature_followups_model,random_forest_combined,100031297,26.99169719043451,41.58060122606632,5281
15_feature_followups_model,random_forest_combined,100031300,13.174180467604147,19.99765095221105,5281
15_feature_followups_model,random_forest_combined,100034978,6.63173771799443,9.400787920433984,5281
15_feature_followups_model,random_forest_combined,100034980,16.3246356400819,25.89113043756923,5281
15_feature_followups_model,random_forest_combined,100034981,7.483064763096554,10.80056732075484,5281
15_feature_followups_model,random_forest_combined,100034982,14.446629964622232,21.621324118084907,5281
15_feature_followups_model,random_forest_combined,100034983,11.682655596499496,16.9548778813424,5281
15_feature_followups_model,random_forest_combined,100035541,19.249586630158973,30.54052713251753,5281
15_feature_followups_model,random_forest_combined,100053305,7.36241372655011,13.107090058935963,5281
15_feature_followups_model,random_forest_combined,300037405,19.144486512639123,27.798082742414056,5281
15_feature_followups_model,random_forest_combined,300037544,8.56512018944164,13.148329379566231,5281
15_feature_followups_model,random_forest_combined,300037920,10.483306475077166,19.689440373348152,5281
15_feature_followups_model,random_forest_combined,300037925,5.342295422737299,7.593675283693058,5281
15_feature_followups_model,random_forest_combined,300037926,10.142814445834023,14.62784339452072,5281
15_feature_followups_model,random_forest_combined,300037928,4.556082247318615,6.622506279244346,5281
15_feature_followups_model,random_forest_combined,300037931,9.108306393358792,14.481262215366298,5281
15_feature_followups_model,random_forest_combined,300037932,7.573088958078522,11.798554204867752,5281
15_feature_followups_model,random_forest_combined,300037933,5.069032584969545,7.674955931810137,5281
15_feature_followups_model,random_forest_combined,300037936,6.62095035973238,12.305268046837426,5281
15_feature_followups_model,random_forest_combined,300038855,13.796504869984387,21.269977151641573,5281
15_feature_followups_model,random_forest_combined,300039328,12.227511741810066,18.857800078602537,5281
15_feature_followups_model,random_forest_combined,300039331,4.984487395042299,7.031624806525135,5281
15_feature_followups_model,random_forest_minus_precipitation_bucket,overall,10.897829403917942,18.791401810018005,121463
15_feature_followups_model,random_forest_minus_precipitation_bucket,100020113,9.614324424123604,13.785188810038228,5281
15_feature_followups_model,random_forest_minus_precipitation_bucket,100031297,26.99490586277917,41.58556819738372,5281
15_feature_followups_model,random_forest_minus_precipitation_bucket,100031300,13.17315036710134,19.9963276787351,5281
15_feature_followups_model,random_forest_minus_precipitation_bucket,100034978,6.636015524440812,9.4075244772685,5281
15_feature_followups_model,random_forest_minus_precipitation_bucket,100034980,16.32134930876612,25.88605621132495,5281
15_feature_followups_model,random_forest_minus_precipitation_bucket,100034981,7.484149137179226,10.80158358291818,5281
15_feature_followups_model,random_forest_minus_precipitation_bucket,100034982,14.448885354655191,21.62151463701928,5281
15_feature_followups_model,random_forest_minus_precipitation_bucket,100034983,11.686208074589644,16.95733967941517,5281
15_feature_followups_model,random_forest_minus_precipitation_bucket,100035541,19.246164874264103,30.535261652988783,5281
15_feature_followups_model,random_forest_minus_precipitation_bucket,100053305,7.37002879436917,13.119339638570198,5281
15_feature_followups_model,random_forest_minus_precipitation_bucket,300037405,19.142276632395568,27.793277466884792,5281
15_feature_followups_model,random_forest_minus_precipitation_bucket,300037544,8.57072378936583,13.156978663370593,5281
15_feature_followups_model,random_forest_minus_precipitation_bucket,300037920,10.488507055625163,19.702707871644662,5281
15_feature_followups_model,random_forest_minus_precipitation_bucket,300037925,5.352906295653514,7.617787019016293,5281
15_feature_followups_model,random_forest_minus_precipitation_bucket,300037926,10.143919473982333,14.627610389613894,5281
15_feature_followups_model,random_forest_minus_precipitation_bucket,300037928,4.564790005033297,6.647624265451364,5281
15_feature_followups_model,random_forest_minus_precipitation_bucket,300037931,9.113624758658505,14.4851130571147,5281
15_feature_followups_model,random_forest_minus_precipitation_bucket,300037932,7.577417884681383,11.804250787906174,5281
15_feature_followups_model,random_forest_minus_precipitation_bucket,300037933,5.077100563735695,7.693916859405117,5281
15_feature_followups_model,random_forest_minus_precipitation_bucket,300037936,6.631861251666369,12.327086660174007,5281
15_feature_followups_model,random_forest_minus_precipitation_bucket,300038855,13.796101784273954,21.267040632979867,5281
15_feature_followups_model,random_forest_minus_precipitation_bucket,300039328,12.226787005746012,18.85405274581556,5281
15_feature_followups_model,random_forest_minus_precipitation_bucket,300039331,4.988878067026689,7.0417021029771965,5281
15_feature_followups_model,random_forest_minus_hour_dow,overall,10.75590706078487,18.7504040093579,121463
15_feature_followups_model,random_forest_minus_hour_dow,100020113,9.463564200389548,13.754205619447784,5281
15_feature_followups_model,random_forest_minus_hour_dow,100031297,26.946479665268903,41.591168495543776,5281
15_feature_followups_model,random_forest_minus_hour_dow,100031300,13.070391274824384,19.975514282085,5281
15_feature_followups_model,random_forest_minus_hour_dow,100034978,6.432685798672717,9.195290150531656,5281
15_feature_followups_model,random_forest_minus_hour_dow,100034980,16.22234712436475,26.106204553069222,5281
15_feature_followups_model,random_forest_minus_hour_dow,100034981,7.337064517322848,10.663883323166068,5281
15_feature_followups_model,random_forest_minus_hour_dow,100034982,14.312454808906812,21.588569906701817,5281
15_feature_followups_model,random_forest_minus_hour_dow,100034983,11.555507947265555,16.907479595149113,5281
15_feature_followups_model,random_forest_minus_hour_dow,100035541,19.11250302935861,30.561211475562068,5281
15_feature_followups_model,random_forest_minus_hour_dow,100053305,7.243823887490516,12.988689777580223,5281
15_feature_followups_model,random_forest_minus_hour_dow,300037405,19.016273812178127,27.76845603707553,5281
15_feature_followups_model,random_forest_minus_hour_dow,300037544,8.455445320214615,13.098620120572493,5281
15_feature_followups_model,random_forest_minus_hour_dow,300037920,10.360587146580134,19.651209556127267,5281
15_feature_followups_model,random_forest_minus_hour_dow,300037925,5.117028471519071,7.348190690578958,5281
15_feature_followups_model,random_forest_minus_hour_dow,300037926,10.01311028246023,14.590345244827626,5281
15_feature_followups_model,random_forest_minus_hour_dow,300037928,4.3279961409102965,6.372117210823372,5281
15_feature_followups_model,random_forest_minus_hour_dow,300037931,8.945681528125627,14.497099349831618,5281
15_feature_followups_model,random_forest_minus_hour_dow,300037932,7.438249910075534,11.66677800890721,5281
15_feature_followups_model,random_forest_minus_hour_dow,300037933,4.964843529476526,7.595552617311102,5281
15_feature_followups_model,random_forest_minus_hour_dow,300037936,6.4104410834481245,12.066420919506925,5281
15_feature_followups_model,random_forest_minus_hour_dow,300038855,13.633183709889892,21.086519457765075,5281
15_feature_followups_model,random_forest_minus_hour_dow,300039328,12.17759969876814,18.868994420703377,5281
15_feature_followups_model,random_forest_minus_hour_dow,300039331,4.828599510541055,6.87553131011052,5281
15_feature_followups_model,random_forest_minus_weekend_ratio,overall,11.07165551675228,19.07808197506116,121463
15_feature_followups_model,random_forest_minus_weekend_ratio,100020113,9.785400108658251,14.06581027093953,5281
15_feature_followups_model,random_forest_minus_weekend_ratio,100031297,26.998476563921,41.56227475334091,5281
15_feature_followups_model,random_forest_minus_weekend_ratio,100031300,13.33098340571156,20.21631491383879,5281
15_feature_followups_model,random_forest_minus_weekend_ratio,100034978,6.633987429288983,9.40575488513327,5281
15_feature_followups_model,random_forest_minus_weekend_ratio,100034980,16.340640111411087,25.750301705217623,5281
15_feature_followups_model,random_forest_minus_weekend_ratio,100034981,7.507518362673278,10.805597308876054,5281
15_feature_followups_model,random_forest_minus_weekend_ratio,100034982,14.813714469583797,22.62393714771571,5281
15_feature_followups_model,random_forest_minus_weekend_ratio,100034983,11.689785469607914,16.87254436553828,5281
15_feature_followups_model,random_forest_minus_weekend_ratio,100035541,19.11234669000581,30.459112582082007,5281
15_feature_followups_model,random_forest_minus_weekend_ratio,100053305,8.360922647229426,14.681157401675136,5281
15_feature_followups_model,random_forest_minus_weekend_ratio,300037405,19.182635765133,27.872117303375383,5281
15_feature_followups_model,random_forest_minus_weekend_ratio,300037544,9.47919044023689,14.929281219494689,5281
15_feature_followups_model,random_forest_minus_weekend_ratio,300037920,10.55531854029959,19.77248976276041,5281
15_feature_followups_model,random_forest_minus_weekend_ratio,300037925,5.382012464365248,7.626337815677309,5281
15_feature_followups_model,random_forest_minus_weekend_ratio,300037926,10.20810550989475,14.709133317318496,5281
15_feature_followups_model,random_forest_minus_weekend_ratio,300037928,4.521059654236186,6.53352370514639,5281
15_feature_followups_model,random_forest_minus_weekend_ratio,300037931,9.153775299151492,14.560517549244624,5281
15_feature_followups_model,random_forest_minus_weekend_ratio,300037932,7.559529849999648,11.76058728445863,5281
15_feature_followups_model,random_forest_minus_weekend_ratio,300037933,5.053361864321666,7.628980128665154,5281
15_feature_followups_model,random_forest_minus_weekend_ratio,300037936,7.362133639591929,13.546239088908443,5281
15_feature_followups_model,random_forest_minus_weekend_ratio,300038855,14.024183022411767,22.176077768849748,5281
15_feature_followups_model,random_forest_minus_weekend_ratio,300039328,12.62216761827606,19.69072005853128,5281
15_feature_followups_model,random_forest_minus_weekend_ratio,300039331,4.97082795929306,7.061671620441978,5281
16_random_forest_production_readiness,random_forest_reference,overall,10.929938371768802,19.04290697681788,121463
16_random_forest_production_readiness,random_forest_reference,100020113,9.661327668650593,14.08104428112181,5281
16_random_forest_production_readiness,random_forest_reference,100031297,26.964555763191164,41.58998967039584,5281
16_random_forest_production_readiness,random_forest_reference,100031300,13.212555056555116,20.183029216319,5281
16_random_forest_production_readiness,random_forest_reference,100034978,6.435873398855541,9.197728284674143,5281
16_random_forest_production_readiness,random_forest_reference,100034980,16.230810895607494,25.98570403406292,5281
16_random_forest_production_readiness,random_forest_reference,100034981,7.346332964159936,10.66173559033242,5281
16_random_forest_production_readiness,random_forest_reference,100034982,14.676209334340337,22.589761924270444,5281
16_random_forest_production_readiness,random_forest_reference,100034983,11.56056406551598,16.82979533421303,5281
16_random_forest_production_readiness,random_forest_reference,100035541,18.985291975694327,30.518578909220405,5281
16_random_forest_production_readiness,random_forest_reference,100053305,8.210733060949336,14.54604635786932,5281
16_random_forest_production_readiness,random_forest_reference,300037405,19.04559836098866,27.807115524097657,5281
16_random_forest_production_readiness,random_forest_reference,300037544,9.29630098319735,14.797484439527148,5281
16_random_forest_production_readiness,random_forest_reference,300037920,10.438182764587092,19.73201329520829,5281
16_random_forest_production_readiness,random_forest_reference,300037925,5.173668461729704,7.40643914139415,5281
16_random_forest_production_readiness,random_forest_reference,300037926,10.075971381373584,14.655212028135644,5281
16_random_forest_production_readiness,random_forest_reference,300037928,4.274244741564495,6.201339110322021,5281
16_random_forest_production_readiness,random_forest_reference,300037931,9.009478414785123,14.596189536295974,5281
16_random_forest_production_readiness,random_forest_reference,300037932,7.408826686852914,11.615179210709693,5281
16_random_forest_production_readiness,random_forest_reference,300037933,4.934217687509216,7.509870053782824,5281
16_random_forest_production_readiness,random_forest_reference,300037936,7.143689861136751,13.322373514805962,5281
16_random_forest_production_readiness,random_forest_reference,300038855,13.890211828914296,22.09395278024918,5281
16_random_forest_production_readiness,random_forest_reference,300039328,12.58854968028073,19.68844798859061,5281
16_random_forest_production_readiness,random_forest_reference,300039331,4.825387514242716,6.919812846193409,5281
17_final_production_model,random_forest_production,overall,10.727558107098512,18.62201601501188,121463
17_final_production_model,random_forest_production,100020113,9.490332268999316,13.861122840739862,5281
17_final_production_model,random_forest_production,100031297,26.44063612104968,40.50713097074037,5281
17_final_production_model,random_forest_production,100031300,13.148042522280049,20.09527451050534,5281
17_final_production_model,random_forest_production,100034978,6.441907567600179,9.227612736986597,5281
17_final_production_model,random_forest_production,100034980,16.104365922793978,25.917699901095013,5281
17_final_production_model,random_forest_production,100034981,7.394943447282437,10.798485768310066,5281
17_final_production_model,random_forest_production,100034982,14.19669543632494,21.456495278261706,5281
17_final_production_model,random_forest_production,100034983,11.565693205504282,16.983661727399095,5281
17_final_production_model,random_forest_production,100035541,19.16998506244904,30.5549272190292,5281
17_final_production_model,random_forest_production,100053305,7.224418992286606,12.972745337082202,5281
17_final_production_model,random_forest_production,300037405,18.96434953731979,27.637907049453123,5281
17_final_production_model,random_forest_production,300037544,8.369198457874816,12.989004105224526,5281
17_final_production_model,random_forest_production,300037920,10.40276918181783,19.35478407340516,5281
17_final_production_model,random_forest_production,300037925,5.116061830557908,7.364655497064774,5281
17_final_production_model,random_forest_production,300037926,10.048886254370125,14.708506916455734,5281
17_final_production_model,random_forest_production,300037928,4.32358307887144,6.464593086568616,5281
17_final_production_model,random_forest_production,300037931,8.97159722697097,14.553426898946222,5281
17_final_production_model,random_forest_production,300037932,7.482065988080071,11.729284086773063,5281
17_final_production_model,random_forest_production,300037933,4.962108154773243,7.61032617312485,5281
17_final_production_model,random_forest_production,300037936,6.369001250478224,12.070587044937742,5281
17_final_production_model,random_forest_production,300038855,13.55576962978828,20.98084406187918,5281
17_final_production_model,random_forest_production,300039328,12.157186825114351,18.83285475298061,5281
17_final_production_model,random_forest_production,300039331,4.834238500678271,6.894407242275131,5281
18_lightgbm_production_model,lightgbm_production,overall,10.461348948936305,17.992009807125324,121463
18_lightgbm_production_model,lightgbm_production,100020113,10.445329447764777,15.440939983874706,5281
18_lightgbm_production_model,lightgbm_production,100031297,26.045113319788467,38.551367684950094,5281
18_lightgbm_production_model,lightgbm_production,100031300,13.035577106210427,19.544078853894604,5281
18_lightgbm_production_model,lightgbm_production,100034978,6.067489924654881,8.649888734396429,5281
18_lightgbm_production_model,lightgbm_production,100034980,15.327620910219492,24.443986359781093,5281
18_lightgbm_production_model,lightgbm_production,100034981,6.907115740089665,9.94723290242668,5281
18_lightgbm_production_model,lightgbm_production,100034982,13.848695532312815,21.22681967419457,5281
18_lightgbm_production_model,lightgbm_production,100034983,11.026531006164777,16.05795414271022,5281
18_lightgbm_production_model,lightgbm_production,100035541,19.74786802969692,30.265227500139183,5281
18_lightgbm_production_model,lightgbm_production,100053305,7.513935124665537,13.440352075197481,5281
18_lightgbm_production_model,lightgbm_production,300037405,18.50906418595975,26.856078056920214,5281
18_lightgbm_production_model,lightgbm_production,300037544,8.352691021499094,12.83518103725859,5281
18_lightgbm_production_model,lightgbm_production,300037920,9.593833531914449,17.8119571119437,5281
18_lightgbm_production_model,lightgbm_production,300037925,4.871329435980383,6.922907674409326,5281
18_lightgbm_production_model,lightgbm_production,300037926,9.445181869490824,13.836795963135813,5281
18_lightgbm_production_model,lightgbm_production,300037928,3.976489612725774,5.595465352007794,5281
18_lightgbm_production_model,lightgbm_production,300037931,8.36391966893865,13.047116209147298,5281
18_lightgbm_production_model,lightgbm_production,300037932,7.259671515412206,11.336817671682502,5281
18_lightgbm_production_model,lightgbm_production,300037933,4.557989214570432,7.032436245216542,5281
18_lightgbm_production_model,lightgbm_production,300037936,6.353150344227222,11.723087197924345,5281
18_lightgbm_production_model,lightgbm_production,300038855,13.019826171793374,20.552112940199635,5281
18_lightgbm_production_model,lightgbm_production,300039328,11.878412115142286,18.48996872271835,5281
18_lightgbm_production_model,lightgbm_production,300039331,4.464190996312841,6.212113959104497,5281
